{
  "hash": "73450d29",
  "configHash": "019ea538",
  "lockfileHash": "79d38b11",
  "browserHash": "db24c585",
  "optimized": {
    "@angular/common": {
      "src": "../../../../../../node_modules/@angular/common/fesm2022/common.mjs",
      "file": "@angular_common.js",
      "fileHash": "6183bfdc",
      "needsInterop": false
    },
    "@angular/core": {
      "src": "../../../../../../node_modules/@angular/core/fesm2022/core.mjs",
      "file": "@angular_core.js",
      "fileHash": "a09b5f6b",
      "needsInterop": false
    },
    "@angular/platform-browser": {
      "src": "../../../../../../node_modules/@angular/platform-browser/fesm2022/platform-browser.mjs",
      "file": "@angular_platform-browser.js",
      "fileHash": "803add6e",
      "needsInterop": false
    },
    "@angular/router": {
      "src": "../../../../../../node_modules/@angular/router/fesm2022/router.mjs",
      "file": "@angular_router.js",
      "fileHash": "e2a31555",
      "needsInterop": false
    }
  },
  "chunks": {
    "chunk-N66GPOAE": {
      "file": "chunk-N66GPOAE.js"
    },
    "chunk-5FHY7Z5A": {
      "file": "chunk-5FHY7Z5A.js"
    },
    "chunk-WGQFXCG2": {
      "file": "chunk-WGQFXCG2.js"
    }
  }
}